id,username,email,created_at
1,foresttrail05,foresttrail05@example.com,2025-07-13 12:40:57
2,vividpioneer77,vividpioneer77@opswise.net,2025-12-04 18:26:42
3,harbortrail71,harbortrail71@relay.cloud,2025-08-26 13:11:07
4,briskbeacon63,briskbeacon63@opswise.net,2024-03-30 22:54:19
5,warmwindow82,warmwindow82@seeded.app,2024-11-17 03:00:12
6,forestkernel65,forestkernel65@seeded.app,2025-10-20 11:22:30
7,goldgarden12,goldgarden12@seeded.app,2025-02-05 16:02:16
8,opalharvest98,opalharvest98@acme.dev,2024-08-16 00:59:38
9,dawngarden48,dawngarden48@acme.dev,2024-12-21 13:13:58
10,emberpioneer66,emberpioneer66@acme.dev,2024-10-06 21:14:54
11,navycanyon22,navycanyon22@seeded.app,2024-10-15 15:55:49
12,tidyquartz01,tidyquartz01@example.com,2025-06-19 23:46:34
13,quietanchor58,quietanchor58@relay.cloud,2024-10-08 15:41:15
14,proudengine50,proudengine50@acme.dev,2024-08-31 21:02:05
15,opalcanyon02,opalcanyon02@acme.dev,2026-01-05 22:13:45
16,briskkernel64,briskkernel64@acme.dev,2025-03-03 21:21:56
17,briskuplink67,briskuplink67@example.com,2025-10-26 13:32:18
18,mellowanchor63,mellowanchor63@acme.dev,2025-03-22 00:43:12
19,proudorbit53,proudorbit53@relay.cloud,2024-08-08 23:57:46
20,silversignal65,silversignal65@hackstack.io,2024-04-19 14:27:08
21,proudisland54,proudisland54@example.com,2024-07-26 05:22:13
22,mellowjourney06,mellowjourney06@example.com,2024-08-28 04:46:07
23,tidytrail71,tidytrail71@hackstack.io,2025-10-26 12:47:38
24,livelyjourney50,livelyjourney50@seeded.app,2024-08-26 13:54:02
25,golddelta83,golddelta83@seeded.app,2025-01-12 03:29:43
26,livelybeacon59,livelybeacon59@hackstack.io,2024-12-07 12:54:28
27,harborbeacon04,harborbeacon04@hackstack.io,2024-09-24 21:23:54
28,forestgarden92,forestgarden92@seeded.app,2024-11-08 02:34:22
29,rapidkernel08,rapidkernel08@example.com,2026-01-27 07:26:57
30,warmgarden11,warmgarden11@example.com,2025-04-12 22:04:21
31,jadecanyon14,jadecanyon14@seeded.app,2025-12-05 21:42:34
32,dawncanyon62,dawncanyon62@relay.cloud,2025-12-11 19:10:27
33,golddelta50,golddelta50@acme.dev,2025-03-21 03:35:32
34,goldyard60,goldyard60@example.com,2025-05-24 05:10:37
35,ivorymeadow79,ivorymeadow79@opswise.net,2024-11-30 19:35:05
36,briskzenith67,briskzenith67@relay.cloud,2025-01-19 09:21:16
37,clearfield83,clearfield83@example.com,2024-09-16 08:58:05
38,silverdelta57,silverdelta57@example.com,2025-06-10 11:42:12
39,rapidpioneer79,rapidpioneer79@seeded.app,2025-02-01 14:48:10
40,urbanfield68,urbanfield68@relay.cloud,2024-01-28 16:38:33
41,silversignal50,silversignal50@relay.cloud,2025-07-23 01:15:44
42,silverpioneer10,silverpioneer10@relay.cloud,2024-09-11 17:41:45
43,keensignal75,keensignal75@relay.cloud,2025-01-10 07:42:17
44,navycanyon36,navycanyon36@seeded.app,2025-07-30 03:02:50
45,vividzenith98,vividzenith98@example.com,2025-01-24 22:40:32
46,dawntrail47,dawntrail47@example.com,2026-01-05 17:32:57
47,proudtrail58,proudtrail58@relay.cloud,2025-09-03 15:05:19
48,navymeadow71,navymeadow71@hackstack.io,2024-04-10 00:57:19
49,prouddelta39,prouddelta39@seeded.app,2025-02-11 22:15:53
50,opalzenith58,opalzenith58@opswise.net,2024-09-11 17:25:01
51,opalkernel47,opalkernel47@hackstack.io,2024-11-10 19:05:53
52,silvercanyon15,silvercanyon15@seeded.app,2025-01-10 15:31:43
53,harbornetwork46,harbornetwork46@hackstack.io,2024-11-24 08:27:21
54,opalharvest14,opalharvest14@acme.dev,2025-11-25 11:41:48
55,dawnwindow72,dawnwindow72@example.com,2025-10-13 12:16:52
56,emberquartz11,emberquartz11@acme.dev,2025-05-10 17:58:32
57,embersignal90,embersignal90@example.com,2025-12-24 19:13:18
58,silverjourney98,silverjourney98@seeded.app,2024-11-01 23:28:00
59,cobaltjourney31,cobaltjourney31@acme.dev,2025-03-01 01:31:21
60,warmcanyon96,warmcanyon96@seeded.app,2024-07-23 02:46:17
61,tidyzenith10,tidyzenith10@relay.cloud,2025-05-05 10:33:18
62,proudmeadow84,proudmeadow84@relay.cloud,2024-02-14 20:14:03
63,urbankernel02,urbankernel02@acme.dev,2024-06-21 21:21:39
64,warmuplink02,warmuplink02@seeded.app,2024-06-23 04:11:34
65,urbangarden25,urbangarden25@example.com,2024-07-21 03:30:16
66,livelywindow65,livelywindow65@opswise.net,2024-08-16 17:44:55
67,amberfield29,amberfield29@relay.cloud,2025-06-12 10:10:11
68,proudengine24,proudengine24@example.com,2024-03-30 05:11:16
69,cobaltmeadow10,cobaltmeadow10@acme.dev,2024-03-18 05:07:58
70,cobaltpioneer10,cobaltpioneer10@opswise.net,2025-05-28 06:35:14
71,youngvalley96,youngvalley96@relay.cloud,2025-03-04 07:33:22
72,ivorygarden71,ivorygarden71@example.com,2024-08-18 16:43:40
73,navyharvest23,navyharvest23@relay.cloud,2024-02-29 10:43:24
74,opalquartz28,opalquartz28@seeded.app,2026-01-06 01:37:14
75,amberzenith14,amberzenith14@relay.cloud,2024-06-16 00:55:57
76,opalbeacon69,opalbeacon69@hackstack.io,2025-03-12 01:09:54
77,navycanyon12,navycanyon12@acme.dev,2024-12-31 04:02:12
78,harborzenith59,harborzenith59@opswise.net,2025-10-22 20:59:18
79,urbancanyon08,urbancanyon08@hackstack.io,2025-07-08 07:06:27
80,emberdelta17,emberdelta17@acme.dev,2024-01-10 13:30:18
81,emberfield97,emberfield97@hackstack.io,2025-04-21 02:04:31
82,embertrail67,embertrail67@seeded.app,2024-04-29 14:08:41
83,youngdelta96,youngdelta96@acme.dev,2025-10-30 22:24:40
84,youngvalley71,youngvalley71@seeded.app,2024-09-22 09:00:55
85,jadelagoon16,jadelagoon16@seeded.app,2024-06-05 07:58:23
86,emberjourney62,emberjourney62@seeded.app,2025-04-18 17:17:01
87,rapidgarden14,rapidgarden14@seeded.app,2024-09-02 13:40:32
88,livelykernel44,livelykernel44@opswise.net,2025-01-18 19:25:25
89,warmanchor85,warmanchor85@seeded.app,2025-05-08 22:50:03
90,navyquartz96,navyquartz96@example.com,2025-07-24 10:29:12
91,briskzenith64,briskzenith64@seeded.app,2024-03-01 22:35:58
92,opaltrail63,opaltrail63@seeded.app,2025-12-01 22:37:45
93,cobaltkernel82,cobaltkernel82@hackstack.io,2024-12-05 09:18:17
94,jadekernel87,jadekernel87@relay.cloud,2025-10-09 11:56:29
95,brisknetwork71,brisknetwork71@example.com,2024-06-04 01:05:49
96,harborengine83,harborengine83@opswise.net,2024-09-22 01:55:33
97,mellownetwork52,mellownetwork52@example.com,2024-11-23 11:04:45
98,urbancanyon29,urbancanyon29@acme.dev,2025-08-10 10:31:01
99,clearjourney62,clearjourney62@hackstack.io,2025-03-29 05:17:51
100,tidyuplink04,tidyuplink04@example.com,2024-10-13 23:35:20
101,clearwindow22,clearwindow22@acme.dev,2025-01-21 14:25:57
102,clearnetwork98,clearnetwork98@opswise.net,2025-03-14 19:11:57
103,briskvalley28,briskvalley28@seeded.app,2024-12-05 20:47:00
104,forestzenith33,forestzenith33@hackstack.io,2024-10-23 01:42:04
105,warmquartz68,warmquartz68@relay.cloud,2024-06-20 23:50:02
106,quietvalley87,quietvalley87@opswise.net,2024-01-25 13:05:12
107,vividquartz94,vividquartz94@seeded.app,2024-05-25 20:34:52
108,livelybeacon26,livelybeacon26@seeded.app,2024-01-01 04:30:10
109,goldbeacon22,goldbeacon22@opswise.net,2024-04-15 17:27:33
110,navylagoon12,navylagoon12@acme.dev,2024-01-19 21:53:28
111,tidyvalley39,tidyvalley39@hackstack.io,2025-05-08 17:18:38
112,youngwindow97,youngwindow97@seeded.app,2025-09-14 17:10:59
113,calmmeadow61,calmmeadow61@seeded.app,2024-06-20 02:21:52
114,youngsignal56,youngsignal56@hackstack.io,2024-12-26 02:13:30
115,amberwindow87,amberwindow87@hackstack.io,2024-03-14 14:33:24
116,navyfield63,navyfield63@opswise.net,2025-10-09 09:05:34
117,emberlagoon11,emberlagoon11@opswise.net,2024-04-29 11:52:03
118,calmsignal37,calmsignal37@opswise.net,2024-06-14 08:22:40
119,harbordelta15,harbordelta15@acme.dev,2024-09-07 05:44:48
120,youngzenith43,youngzenith43@relay.cloud,2025-04-19 23:37:32
121,amberpioneer39,amberpioneer39@acme.dev,2024-08-11 14:33:27
122,quietnetwork67,quietnetwork67@acme.dev,2024-10-19 13:28:12
123,ivoryfield35,ivoryfield35@acme.dev,2024-12-02 08:53:29
124,prouduplink55,prouduplink55@opswise.net,2024-04-06 20:25:01
125,rapidlagoon52,rapidlagoon52@example.com,2024-07-08 09:59:42
126,rapiduplink79,rapiduplink79@example.com,2025-09-22 22:57:44
127,silverharvest08,silverharvest08@acme.dev,2025-06-08 11:04:33
128,dawnnetwork44,dawnnetwork44@seeded.app,2024-12-15 17:45:41
129,jadekernel71,jadekernel71@example.com,2025-03-25 02:19:33
130,quietjourney88,quietjourney88@seeded.app,2025-05-31 04:52:37
131,warmvalley65,warmvalley65@opswise.net,2025-03-22 21:11:37
132,navycanyon23,navycanyon23@seeded.app,2024-09-25 18:59:46
133,urbanisland44,urbanisland44@hackstack.io,2025-12-18 15:29:06
134,cobaltkernel03,cobaltkernel03@acme.dev,2024-08-09 19:19:14
135,vividquartz16,vividquartz16@relay.cloud,2024-07-01 13:20:20
136,silverbeacon30,silverbeacon30@opswise.net,2024-08-18 18:05:26
137,livelyisland17,livelyisland17@example.com,2025-09-02 04:45:29
138,keenengine26,keenengine26@example.com,2024-07-14 08:20:17
139,harborbeacon40,harborbeacon40@relay.cloud,2025-09-16 23:23:03
140,ivoryjourney86,ivoryjourney86@relay.cloud,2025-02-07 23:46:11
141,jadeorbit16,jadeorbit16@example.com,2026-01-12 04:44:38
142,youngtrail96,youngtrail96@opswise.net,2024-11-09 19:36:52
143,youngriver65,youngriver65@hackstack.io,2024-03-19 04:31:38
144,vividpioneer60,vividpioneer60@hackstack.io,2025-06-14 15:02:56
145,opaltrail24,opaltrail24@hackstack.io,2024-01-02 21:11:43
146,jadeorbit22,jadeorbit22@hackstack.io,2025-10-02 12:06:41
147,opalbeacon44,opalbeacon44@relay.cloud,2025-05-21 10:50:55
148,proudwindow32,proudwindow32@opswise.net,2025-02-10 14:01:39
149,goldorbit98,goldorbit98@relay.cloud,2025-08-02 03:55:42
150,jadeuplink49,jadeuplink49@acme.dev,2025-09-20 11:14:47
151,jadezenith19,jadezenith19@example.com,2024-01-28 10:01:30
152,cobaltmeadow82,cobaltmeadow82@acme.dev,2025-06-09 07:37:47
153,rapidlagoon46,rapidlagoon46@hackstack.io,2024-08-09 13:04:09
154,emberharvest68,emberharvest68@example.com,2025-04-27 05:18:15
155,urbantrail92,urbantrail92@relay.cloud,2024-03-23 16:09:26
156,dawnengine25,dawnengine25@example.com,2024-02-29 21:05:39
157,harborzenith44,harborzenith44@opswise.net,2025-02-27 09:36:53
158,briskvalley01,briskvalley01@acme.dev,2025-01-18 03:48:41
159,forestmeadow59,forestmeadow59@example.com,2024-05-21 08:11:10
160,mellowjourney24,mellowjourney24@hackstack.io,2024-10-20 09:57:34
161,briskwindow49,briskwindow49@relay.cloud,2024-12-22 19:22:58
162,briskwindow54,briskwindow54@acme.dev,2025-03-12 01:41:39
163,briskisland60,briskisland60@example.com,2024-12-07 20:51:03
164,harborisland31,harborisland31@acme.dev,2025-02-23 04:01:27
165,vividharvest42,vividharvest42@hackstack.io,2024-07-29 14:48:14
166,goldvalley48,goldvalley48@hackstack.io,2025-10-06 18:43:01
167,cobaltisland87,cobaltisland87@relay.cloud,2024-03-12 10:10:38
168,ivoryjourney39,ivoryjourney39@relay.cloud,2024-09-19 22:59:06
169,dawnvalley09,dawnvalley09@opswise.net,2024-07-07 05:40:00
170,tidyorbit76,tidyorbit76@opswise.net,2024-11-06 22:44:39
171,clearisland24,clearisland24@seeded.app,2025-02-13 03:53:52
172,ambervalley21,ambervalley21@example.com,2025-07-19 13:29:58
173,embermeadow22,embermeadow22@hackstack.io,2024-03-10 18:49:24
174,jadeyard92,jadeyard92@acme.dev,2024-03-15 23:52:41
175,livelyorbit34,livelyorbit34@seeded.app,2024-02-25 12:19:26
176,youngriver18,youngriver18@seeded.app,2024-09-08 06:10:48
177,clearvalley38,clearvalley38@seeded.app,2025-12-31 04:06:37
178,livelybeacon09,livelybeacon09@acme.dev,2025-08-06 02:38:05
179,rapidquartz90,rapidquartz90@seeded.app,2024-07-07 10:58:06
180,amberkernel50,amberkernel50@acme.dev,2024-01-06 10:28:39
181,opalriver03,opalriver03@seeded.app,2024-02-10 03:33:52
182,forestwindow10,forestwindow10@hackstack.io,2025-03-08 08:18:34
183,warmfield20,warmfield20@acme.dev,2025-07-15 11:30:09
184,opalquartz55,opalquartz55@example.com,2024-11-20 08:04:24
185,emberlagoon60,emberlagoon60@example.com,2024-10-08 20:29:38
186,rapidjourney02,rapidjourney02@hackstack.io,2024-06-06 11:44:42
187,rapidfield63,rapidfield63@acme.dev,2024-07-08 13:17:58
188,calmmeadow01,calmmeadow01@hackstack.io,2025-04-13 09:43:50
189,vividwindow16,vividwindow16@hackstack.io,2025-04-24 06:59:02
190,jadeisland69,jadeisland69@seeded.app,2025-10-31 16:13:38
191,rapidvalley66,rapidvalley66@relay.cloud,2025-07-25 23:04:47
192,cobaltquartz80,cobaltquartz80@acme.dev,2025-04-08 21:25:03
193,navyengine21,navyengine21@relay.cloud,2024-08-12 20:29:25
194,dawnuplink18,dawnuplink18@hackstack.io,2025-10-02 04:23:10
195,rapidfield09,rapidfield09@acme.dev,2024-05-09 06:53:32
196,emberengine45,emberengine45@hackstack.io,2024-01-03 10:43:02
197,calmisland03,calmisland03@opswise.net,2025-10-19 06:32:38
198,jadeuplink73,jadeuplink73@example.com,2025-03-08 21:49:35
199,proudcanyon46,proudcanyon46@example.com,2024-08-28 13:10:19
200,emberuplink79,emberuplink79@example.com,2024-11-18 11:29:02
201,amberpioneer76,amberpioneer76@seeded.app,2025-05-05 08:13:04
202,tidybeacon18,tidybeacon18@example.com,2024-03-12 05:32:03
203,harborwindow05,harborwindow05@example.com,2025-08-08 22:27:30
204,emberuplink21,emberuplink21@hackstack.io,2024-12-27 11:16:47
205,brisknetwork44,brisknetwork44@seeded.app,2025-10-22 12:05:08
206,goldnetwork77,goldnetwork77@relay.cloud,2024-09-01 02:49:22
207,calmanchor87,calmanchor87@hackstack.io,2025-06-13 08:42:20
208,younguplink18,younguplink18@relay.cloud,2026-01-04 22:34:45
209,harbormeadow02,harbormeadow02@opswise.net,2024-01-24 13:45:24
210,goldjourney97,goldjourney97@seeded.app,2024-08-25 08:28:41
211,ivorybeacon92,ivorybeacon92@seeded.app,2025-07-21 10:47:19
212,harborbeacon82,harborbeacon82@opswise.net,2024-03-25 10:24:38
213,keenanchor16,keenanchor16@seeded.app,2024-04-14 05:05:04
214,forestjourney83,forestjourney83@example.com,2024-10-14 23:34:57
215,quietlagoon15,quietlagoon15@example.com,2025-07-26 11:33:48
216,ivorytrail80,ivorytrail80@example.com,2024-01-21 04:10:46
217,mellowmeadow88,mellowmeadow88@example.com,2025-03-06 07:55:34
218,jadeanchor69,jadeanchor69@example.com,2025-12-28 18:49:42
219,forestlagoon61,forestlagoon61@seeded.app,2024-02-25 14:31:53
220,livelybeacon39,livelybeacon39@relay.cloud,2025-01-27 06:37:20
221,mellowsignal23,mellowsignal23@hackstack.io,2024-03-11 08:09:59
222,briskwindow01,briskwindow01@relay.cloud,2024-11-10 07:05:45
223,tidyorbit35,tidyorbit35@opswise.net,2024-04-18 15:54:11
224,ambertrail95,ambertrail95@acme.dev,2024-09-08 10:20:53
225,jadesignal89,jadesignal89@acme.dev,2024-07-21 07:25:44
226,tidymeadow31,tidymeadow31@relay.cloud,2024-12-01 03:26:51
227,warmanchor18,warmanchor18@example.com,2024-10-09 17:01:54
228,mellowquartz00,mellowquartz00@example.com,2024-08-15 14:48:14
229,vividorbit44,vividorbit44@acme.dev,2025-03-21 18:31:28
230,quietcanyon38,quietcanyon38@opswise.net,2024-03-28 20:36:59
231,livelykernel27,livelykernel27@hackstack.io,2024-07-19 14:38:29
232,youngtrail40,youngtrail40@acme.dev,2024-10-10 18:20:04
233,jaderiver75,jaderiver75@example.com,2024-08-15 21:13:02
234,warmjourney56,warmjourney56@seeded.app,2024-01-28 17:04:21
235,forestriver10,forestriver10@opswise.net,2025-04-16 02:39:02
236,cobaltjourney47,cobaltjourney47@seeded.app,2026-01-28 01:51:32
237,youngriver32,youngriver32@hackstack.io,2024-04-07 01:12:13
238,silverjourney53,silverjourney53@acme.dev,2024-09-03 16:16:39
239,ivoryriver79,ivoryriver79@opswise.net,2025-11-26 19:38:39
240,quietjourney15,quietjourney15@acme.dev,2024-11-05 18:02:25
241,jadewindow95,jadewindow95@hackstack.io,2025-10-03 16:58:50
242,rapidengine37,rapidengine37@acme.dev,2025-11-14 05:43:06
243,vividquartz63,vividquartz63@opswise.net,2025-06-27 00:52:11
244,vividdelta37,vividdelta37@seeded.app,2025-08-14 18:25:01
245,mellowuplink45,mellowuplink45@example.com,2024-10-08 15:32:06
246,tidyjourney11,tidyjourney11@seeded.app,2025-05-14 02:25:07
247,warmjourney96,warmjourney96@example.com,2024-09-14 07:59:16
248,dawnriver09,dawnriver09@opswise.net,2024-02-08 09:08:21
249,forestjourney95,forestjourney95@relay.cloud,2024-03-12 18:35:26
250,quietcanyon86,quietcanyon86@relay.cloud,2025-03-06 17:08:29
251,youngsignal77,youngsignal77@hackstack.io,2025-04-03 17:37:54
252,harborbeacon17,harborbeacon17@example.com,2025-02-02 18:18:11
253,calmlagoon09,calmlagoon09@relay.cloud,2024-12-14 00:59:24
254,cobaltmeadow90,cobaltmeadow90@seeded.app,2025-04-28 11:40:42
255,tidyengine62,tidyengine62@example.com,2024-04-25 12:41:34
256,vividanchor95,vividanchor95@relay.cloud,2025-06-03 23:57:22
257,amberorbit91,amberorbit91@seeded.app,2024-04-12 05:43:43
258,warmtrail97,warmtrail97@opswise.net,2025-12-21 05:02:24
259,prouduplink09,prouduplink09@relay.cloud,2024-07-31 17:20:42
260,navypioneer65,navypioneer65@acme.dev,2025-03-12 09:41:05
261,youngfield91,youngfield91@opswise.net,2025-07-13 19:51:41
262,youngsignal86,youngsignal86@opswise.net,2025-05-23 15:15:09
263,quietanchor70,quietanchor70@acme.dev,2024-12-19 23:15:47
264,amberbeacon87,amberbeacon87@example.com,2025-06-29 13:18:45
265,vividorbit25,vividorbit25@acme.dev,2025-02-10 23:01:39
266,proudwindow48,proudwindow48@example.com,2025-01-15 17:24:00
267,livelyyard14,livelyyard14@relay.cloud,2025-12-29 17:35:51
268,calmanchor69,calmanchor69@seeded.app,2024-10-23 12:48:42
269,goldgarden45,goldgarden45@acme.dev,2025-01-13 19:44:54
270,goldengine12,goldengine12@opswise.net,2025-02-19 16:37:48
271,ambercanyon53,ambercanyon53@seeded.app,2024-02-14 13:02:11
272,navyisland42,navyisland42@relay.cloud,2025-02-26 08:55:43
273,cobaltnetwork65,cobaltnetwork65@relay.cloud,2024-06-28 13:28:13
274,dawnwindow10,dawnwindow10@seeded.app,2025-07-19 12:20:51
275,warmkernel36,warmkernel36@example.com,2025-12-01 09:27:44
276,embervalley34,embervalley34@opswise.net,2025-06-27 10:39:41
277,opalpioneer91,opalpioneer91@hackstack.io,2025-12-12 23:44:19
278,briskanchor34,briskanchor34@hackstack.io,2024-08-12 16:50:37
279,dawnengine72,dawnengine72@relay.cloud,2025-06-10 18:33:35
280,briskkernel86,briskkernel86@acme.dev,2025-05-26 15:04:51
281,goldisland04,goldisland04@example.com,2024-05-29 03:01:47
282,opalkernel81,opalkernel81@example.com,2024-05-26 16:42:46
283,briskmeadow30,briskmeadow30@relay.cloud,2024-04-15 20:54:46
284,forestharvest53,forestharvest53@seeded.app,2025-07-06 04:45:58
285,cobaltisland17,cobaltisland17@example.com,2024-12-21 20:08:48
286,clearorbit47,clearorbit47@hackstack.io,2024-12-23 22:40:03
287,youngharvest85,youngharvest85@relay.cloud,2024-04-17 19:53:05
288,forestisland27,forestisland27@relay.cloud,2025-04-09 12:50:26
289,opalpioneer03,opalpioneer03@acme.dev,2024-11-16 19:43:43
290,quietfield83,quietfield83@hackstack.io,2024-05-23 02:37:12
291,proudnetwork22,proudnetwork22@acme.dev,2025-07-07 23:00:38
292,vividquartz69,vividquartz69@seeded.app,2025-01-24 07:11:31
293,quietorbit61,quietorbit61@relay.cloud,2024-05-12 03:01:28
294,amberisland93,amberisland93@seeded.app,2024-09-19 14:41:10
295,warmisland34,warmisland34@acme.dev,2025-02-05 17:40:04
296,youngorbit20,youngorbit20@opswise.net,2025-11-05 09:10:34
297,briskisland67,briskisland67@seeded.app,2025-10-04 04:35:52
298,rapidjourney46,rapidjourney46@hackstack.io,2025-12-01 10:49:24
299,tidyisland93,tidyisland93@hackstack.io,2024-04-22 06:01:52
300,rapidquartz84,rapidquartz84@relay.cloud,2024-06-04 13:11:03
301,harborisland56,harborisland56@seeded.app,2025-06-12 03:42:53
302,jadeorbit38,jadeorbit38@example.com,2024-09-01 18:46:45
303,cobaltdelta87,cobaltdelta87@seeded.app,2025-08-09 19:57:19
304,dawnyard73,dawnyard73@hackstack.io,2024-05-02 18:51:48
305,vividcanyon30,vividcanyon30@hackstack.io,2024-08-27 03:07:17
306,brisksignal41,brisksignal41@acme.dev,2024-10-13 08:29:37
307,vividbeacon18,vividbeacon18@example.com,2024-02-26 10:50:49
308,clearfield05,clearfield05@acme.dev,2024-10-23 00:44:58
309,clearfield38,clearfield38@relay.cloud,2025-10-06 23:21:22
310,cobaltuplink92,cobaltuplink92@example.com,2025-09-26 01:04:20
311,livelyuplink81,livelyuplink81@opswise.net,2024-11-17 22:00:02
312,emberorbit81,emberorbit81@example.com,2025-09-05 04:26:25
313,vividmeadow66,vividmeadow66@acme.dev,2024-08-11 07:24:15
314,navynetwork33,navynetwork33@acme.dev,2025-03-02 07:11:46
315,ivoryharvest70,ivoryharvest70@hackstack.io,2024-08-06 02:59:06
316,goldwindow43,goldwindow43@acme.dev,2025-01-28 02:49:36
317,jadecanyon20,jadecanyon20@relay.cloud,2026-01-15 09:57:49
318,livelyisland72,livelyisland72@hackstack.io,2024-09-15 00:23:37
319,proudharvest34,proudharvest34@seeded.app,2024-03-12 20:37:08
320,briskbeacon81,briskbeacon81@hackstack.io,2025-07-20 19:32:26
321,warmwindow61,warmwindow61@relay.cloud,2024-07-11 14:05:50
322,proudanchor28,proudanchor28@opswise.net,2024-12-10 21:32:26
323,briskjourney49,briskjourney49@hackstack.io,2025-08-02 03:49:48
324,keenbeacon95,keenbeacon95@relay.cloud,2024-06-03 02:34:32
325,emberuplink32,emberuplink32@seeded.app,2024-06-05 11:22:40
326,ivorybeacon02,ivorybeacon02@relay.cloud,2025-07-27 14:47:27
327,amberlagoon59,amberlagoon59@hackstack.io,2024-08-20 07:58:50
328,tidyzenith57,tidyzenith57@opswise.net,2024-07-29 07:23:46
329,clearkernel76,clearkernel76@hackstack.io,2025-02-02 22:05:45
330,proudvalley83,proudvalley83@acme.dev,2024-08-01 12:03:41
331,emberisland22,emberisland22@acme.dev,2025-05-05 06:49:52
332,briskgarden40,briskgarden40@seeded.app,2024-03-18 07:37:22
333,briskuplink45,briskuplink45@example.com,2025-10-02 00:42:17
334,quietmeadow79,quietmeadow79@seeded.app,2025-12-20 13:29:40
335,proudanchor41,proudanchor41@seeded.app,2024-11-14 21:22:08
336,navyjourney51,navyjourney51@seeded.app,2025-06-02 23:12:48
337,warmpioneer11,warmpioneer11@opswise.net,2024-09-28 21:24:59
338,rapidwindow00,rapidwindow00@seeded.app,2024-09-22 07:33:18
339,amberpioneer73,amberpioneer73@relay.cloud,2024-03-19 12:17:05
340,harbortrail74,harbortrail74@seeded.app,2024-05-04 10:31:45
341,amberorbit84,amberorbit84@hackstack.io,2024-06-18 10:43:56
342,harbortrail22,harbortrail22@hackstack.io,2024-03-15 15:59:08
343,cobaltanchor30,cobaltanchor30@relay.cloud,2025-12-31 02:00:03
344,forestfield41,forestfield41@acme.dev,2024-11-13 00:30:27
345,clearanchor79,clearanchor79@hackstack.io,2024-06-01 12:53:46
346,mellowvalley03,mellowvalley03@relay.cloud,2024-05-25 06:47:16
347,goldgarden52,goldgarden52@hackstack.io,2024-03-15 23:05:44
348,tidywindow48,tidywindow48@relay.cloud,2024-05-07 04:59:06
349,urbanharvest35,urbanharvest35@relay.cloud,2025-03-13 04:07:33
350,briskfield01,briskfield01@acme.dev,2025-04-03 22:21:04
351,embermeadow97,embermeadow97@relay.cloud,2025-06-19 15:22:47
352,opalnetwork19,opalnetwork19@example.com,2024-11-29 03:10:23
353,briskyard17,briskyard17@acme.dev,2025-08-20 05:08:39
354,proudanchor38,proudanchor38@hackstack.io,2025-01-22 16:35:11
355,forestquartz82,forestquartz82@hackstack.io,2024-12-17 19:36:55
356,opalsignal89,opalsignal89@opswise.net,2024-09-14 22:50:44
357,proudengine49,proudengine49@example.com,2025-09-17 12:55:12
358,harborlagoon78,harborlagoon78@seeded.app,2024-07-16 23:02:13
359,rapidwindow34,rapidwindow34@relay.cloud,2024-06-02 00:43:09
360,silvertrail72,silvertrail72@hackstack.io,2026-01-09 02:20:30
361,goldisland85,goldisland85@hackstack.io,2025-05-12 05:15:44
362,jadebeacon15,jadebeacon15@relay.cloud,2024-07-08 03:26:14
363,dawnuplink91,dawnuplink91@relay.cloud,2025-05-10 03:06:49
364,harborwindow62,harborwindow62@relay.cloud,2024-08-07 13:24:54
365,clearorbit64,clearorbit64@example.com,2025-01-25 06:00:40
366,goldkernel16,goldkernel16@example.com,2024-08-11 20:18:47
367,quiettrail06,quiettrail06@relay.cloud,2025-07-05 23:02:38
368,livelytrail37,livelytrail37@acme.dev,2024-05-15 00:48:20
369,opalvalley98,opalvalley98@seeded.app,2025-08-01 06:52:21
370,youngriver35,youngriver35@opswise.net,2025-09-23 21:12:59
371,silvervalley16,silvervalley16@hackstack.io,2025-06-10 03:13:16
372,briskwindow33,briskwindow33@opswise.net,2025-02-26 14:40:19
373,opalharvest83,opalharvest83@example.com,2025-05-13 13:13:57
374,silverengine58,silverengine58@example.com,2024-09-12 01:25:40
375,mellowcanyon03,mellowcanyon03@acme.dev,2024-08-17 04:53:13
376,forestdelta13,forestdelta13@opswise.net,2025-12-02 16:19:29
377,navydelta18,navydelta18@opswise.net,2025-04-23 19:36:50
378,ivorysignal13,ivorysignal13@seeded.app,2024-09-22 23:06:39
379,quietdelta83,quietdelta83@example.com,2025-05-12 08:17:16
380,ambersignal61,ambersignal61@example.com,2024-03-14 00:52:02
381,ivorysignal40,ivorysignal40@seeded.app,2025-07-15 01:52:20
382,embergarden70,embergarden70@seeded.app,2025-10-18 14:10:05
383,livelygarden69,livelygarden69@relay.cloud,2024-07-09 04:47:50
384,ivorykernel89,ivorykernel89@seeded.app,2025-02-06 19:13:41
385,harbortrail99,harbortrail99@seeded.app,2024-10-14 05:15:59
386,quietengine00,quietengine00@relay.cloud,2025-07-10 20:43:46
387,goldisland28,goldisland28@relay.cloud,2024-09-19 07:34:44
388,livelyquartz57,livelyquartz57@opswise.net,2025-05-23 02:00:00
389,dawnmeadow63,dawnmeadow63@opswise.net,2026-01-22 17:37:02
390,calmsignal80,calmsignal80@seeded.app,2024-05-10 00:38:24
391,ambernetwork30,ambernetwork30@relay.cloud,2025-08-11 15:02:35
392,silverlagoon64,silverlagoon64@relay.cloud,2024-06-10 13:23:01
393,amberriver50,amberriver50@hackstack.io,2025-10-09 10:46:49
394,keenisland32,keenisland32@acme.dev,2024-05-11 07:27:16
395,keendelta59,keendelta59@relay.cloud,2024-01-03 21:31:39
396,mellowharvest36,mellowharvest36@relay.cloud,2025-10-04 23:07:31
397,livelydelta37,livelydelta37@relay.cloud,2025-02-28 21:32:19
398,silveryard70,silveryard70@seeded.app,2025-09-04 13:09:28
399,youngnetwork34,youngnetwork34@example.com,2024-07-28 13:39:12
400,ivoryengine58,ivoryengine58@opswise.net,2024-03-01 11:54:41
